Artist              ,Song                                    ,Other Games
Memme               ,Vulcan                                  ,
Nato & EXC          ,Shub Sothoth                            ,
Doin                ,Leather                                 ,
BanYa & Warak       ,Beethoven Influenza                     ,
MAX & Memme         ,Avalanquiem                             ,
SLAM & Nato         ,PARADOXX                                ,
SynthWulf & MAX     ,Infinity RMX                            ,
Doin & MAX          ,What Are You DOIN?                      ,
Doin                ,Vacuum Cleaner                          ,
MAX                 ,Everybody Got 2 Know                    ,
BanYa Production    ,B.P. Classic Remix                      ,
BanYa Production    ,PaPa Helloizing                         ,
BanYa Production    ,B.P. Classic Remix 2                    ,
BanYa Production    ,Hard Core Mix                           ,
BanYa Production    ,PRO Pop Remix                           ,
BanYa Production    ,Set Up Me2 Mix                          ,
msgoon              ,msgoon RMX pt. 5                        ,
msgoon              ,msgoon RMX pt. 6                        ,
BanYa Production    ,"The People Didn't Know ""Pumping Up""" ,
BanYa Production    ,Caprice of DJ Otada                     ,
BanYa Production    ,Dr. KOA                                 ,
BanYa Production    ,Turkey Virus                            ,
msgoon              ,msgoon RMX pt. 1                        ,
msgoon              ,msgoom RMX pt. 3                        ,
BanYa Production    ,BanYa-P Guitar Remix                    ,
BanYa Production    ,Money Fingers                           ,
Yahpp               ,Wi-Ex-Doc-Va                            ,
Yahpp               ,Bemera                                  ,
Nina Pilots & PXNDX ,Nina PXNDX Remix                        ,
Big Metra           ,Big Metra Remix                         ,
BanYa               ,Love Is a Danger Zone: Try to B.P.M.    ,
BanYa               ,Tream Vook of the War                   ,
BanYa               ,BanYa Classic Remix                     ,
BanYa               ,BanYa Hiphop Remix                      ,
BanYa               ,EXTRA BanYa Remix                       ,
BanYa               ,Techno Repeatorment                     ,
